{"cameraMode":{"drawMode":0,"name":"Shaded","section":"Shading Mode"},"sceneLighting":true,"audioPlay":false,"sceneViewState":{"m_AlwaysRefresh":false,"showFog":true,"showSkybox":false,"showFlares":true,"showImageEffects":true,"showParticleSystems":true,"showVisualEffectGraphs":true,"m_FxEnabled":true},"in2DMode":false,"pivot":{"x":-7.049688816070557,"y":3.5056374073028566,"z":8.353385925292969},"rotation":{"x":-0.05114414170384407,"y":-0.5179288983345032,"z":-0.015355817042291165,"w":0.8554761409759522},"size":0.18314696848392487,"orthographic":false}