{"cameraMode":{"drawMode":0,"name":"Shaded","section":"Shading Mode"},"sceneLighting":true,"audioPlay":false,"sceneViewState":{"m_AlwaysRefresh":false,"showFog":true,"showSkybox":false,"showFlares":true,"showImageEffects":true,"showParticleSystems":true,"showVisualEffectGraphs":true,"m_FxEnabled":true},"in2DMode":false,"pivot":{"x":2.7583112716674806,"y":2.8679754734039308,"z":-2.815382480621338},"rotation":{"x":0.12459653615951538,"y":-0.18104201555252076,"z":0.03757854551076889,"w":0.9750930666923523},"size":0.23265790939331056,"orthographic":false}