{"cameraMode":{"drawMode":0,"name":"Shaded","section":"Shading Mode"},"sceneLighting":true,"audioPlay":false,"sceneViewState":{"m_AlwaysRefresh":false,"showFog":true,"showSkybox":false,"showFlares":true,"showImageEffects":true,"showParticleSystems":true,"showVisualEffectGraphs":true,"m_FxEnabled":true},"in2DMode":false,"pivot":{"x":-10.678510665893555,"y":4.861148357391357,"z":-4.895411014556885},"rotation":{"x":0.04730379208922386,"y":0.8365049958229065,"z":-0.052376121282577518,"w":0.544761598110199},"size":0.48200055956840517,"orthographic":false}