{"cameraMode":{"drawMode":0,"name":"Shaded","section":"Shading Mode"},"sceneLighting":false,"audioPlay":false,"sceneViewState":{"m_AlwaysRefresh":false,"showFog":true,"showSkybox":false,"showFlares":true,"showImageEffects":true,"showParticleSystems":true,"showVisualEffectGraphs":true,"m_FxEnabled":true},"in2DMode":false,"pivot":{"x":-11.754301071166993,"y":4.783353805541992,"z":11.981212615966797},"rotation":{"x":0.007360854186117649,"y":-0.9773889780044556,"z":0.1757257878780365,"w":0.11968600004911423},"size":0.26998674869537356,"orthographic":false}