{"cameraMode":{"drawMode":0,"name":"Shaded","section":"Shading Mode"},"sceneLighting":false,"audioPlay":false,"sceneViewState":{"m_AlwaysRefresh":false,"showFog":true,"showSkybox":false,"showFlares":true,"showImageEffects":true,"showParticleSystems":true,"showVisualEffectGraphs":true,"m_FxEnabled":true},"in2DMode":false,"pivot":{"x":2.992454767227173,"y":4.1839070320129398,"z":6.791921138763428},"rotation":{"x":0.1369805783033371,"y":-0.8495206832885742,"z":0.24673467874526978,"w":0.44826385378837588},"size":0.14949138462543488,"orthographic":false}