{"cameraMode":{"drawMode":0,"name":"Shaded","section":"Shading Mode"},"sceneLighting":true,"audioPlay":false,"sceneViewState":{"m_AlwaysRefresh":false,"showFog":true,"showSkybox":false,"showFlares":true,"showImageEffects":true,"showParticleSystems":true,"showVisualEffectGraphs":true,"m_FxEnabled":true},"in2DMode":false,"pivot":{"x":7.09501838684082,"y":2.929187059402466,"z":16.437236785888673},"rotation":{"x":0.048024483025074008,"y":-0.9646351933479309,"z":0.16003581881523133,"w":0.2096107304096222},"size":2.1407063007354738,"orthographic":false}